epoch	f1Score	hours
1	0.6436598603326437	0.1385404775
2	0.6945468680024035	0.2746894977777778
3	0.721151196969378	0.4091675475
4	0.7305123420476959	0.5434841602777778
5	0.736734333715818	0.6778621577777778
6	0.7440811223388886	0.8113697502777778
7	0.7556667911766065	0.9452599927777777
8	0.756866494160871	1.084664668888889
9	0.7620335222802938	1.222734782222222
10	0.757249751716209	1.3565104849999998
11	0.7613666196175021	1.490093044722222
