epoch	f1Score	hours
1	0.61231432614602234	0.10258633805555
2	0.6598418783958398	0.20327731444444
3	0.6952948881544121	0.30418984138888
4	0.713064188071627	0.40505330388888
5	0.7251322633070828	0.5057354475
6	0.7359619785123218	0.60626280638888
7	0.7411646327752295	0.70725119944444
8	0.7476739124434798	0.80809190749999
9	0.7457493754021237	0.90857191611111
10	0.7569361025347278	1.00950666583333