epoch	f1Score	hours
1	0.6500323063793296	0.14259618555555556
2	0.6962208748518625	0.2844727111111111
3	0.7216889591149881	0.426638205
4	0.7291555409212839	0.5686275941666666
5	0.7417915898908584	0.7105713527777777
6	0.7425834448584946	0.8527502549999999
7	0.7537095331698138	0.9943891111111111
8	0.760071660267717	1.1367337872222223
9	0.7638163650207302	1.2786901233333332
10	0.7647867215148664	1.4208248766666667
