epoch	f1Score	hours
1	0.6430409952156327	0.12089203
2	0.6919143407855182	0.2402023863888889
3	0.7202899469837634	0.35991385555555555
4	0.7323272885411547	0.4796964125
5	0.7368493526238276	0.5994488663888888
6	0.7448651315214382	0.7191634705555556
7	0.75448099553263	0.8391646158333333
8	0.7583565685479751	0.9580924663888888
9	0.7605876382672504	1.0774947586111112
10	0.7605309652675891	1.1962435752777778
