epoch	hours	top1Accuracy
1	0.00162239	56.39
2	0.00244334	71.19
3	0.00325813	72.37
4	0.00407593	76.11
5	0.00489309	78.21
6	0.00571937	72.58
7	0.00653693	79.36
8	0.00735919	80.13
9	0.00817624	82.22
10	0.00899263	84.93
11	0.00980781	85.10
12	0.01062468	86.27
13	0.01144059	85.79
14	0.01225792	87.94
15	0.01307402	85.02
16	0.01390910	89.27
17	0.01473466	88.72
18	0.01555417	89.18
19	0.01637740	89.46
20	0.01719761	91.16
21	0.01802300	89.29
22	0.01884320	92.86
23	0.01966557	93.60
24	0.02048723	94.06