epoch	hours	top1Accuracy
1	0.00214595	46.34
2	0.00304084	69.12
3	0.00393691	68.75
4	0.00476100	75.63
5	0.00558586	78.06
6	0.00641432	81.45
7	0.00724628	83.23
8	0.00807638	83.07
9	0.00888925	84.97
10	0.00969845	86.18
11	0.01051212	83.69
12	0.01132872	81.33
13	0.01214695	86.69
14	0.01296518	86.28
15	0.01380158	87.65
16	0.01462798	87.80
17	0.01544107	87.78
18	0.01625558	87.48
19	0.01707385	91.43
20	0.01789114	90.94
21	0.01871133	92.11
22	0.01952776	92.97
23	0.02034553	93.79
24	0.02116915	94.08