epoch	hours	top1Accuracy
0	0.00068544	51.91
1	0.00129557	61.67
2	0.00185631	69.33
3	0.00242813	68.15
4	0.00296299	71.69
5	0.00350515	74.32
6	0.00406932	74.65
7	0.00461784	68.43
8	0.00519758	67.71
9	0.00573748	73.23
10	0.00630787	76.88
11	0.00684259	78.40
12	0.00738441	80.79
13	0.00794037	79.08
14	0.00849998	86.78
15	0.00904122	86.95
16	0.00958996	88.26
17	0.01016918	91.03
18	0.01070541	91.54
19	0.01126079	92.81
20	0.01179140	92.99
21	0.01234526	94.01
22	0.01289714	94.14
23	0.01343083	94.18
