epoch	hours	top1Accuracy
1	0.00148373	52.61
2	0.00228371	62.45
3	0.00308774	77.08
4	0.00388793	66.63
5	0.00468890	74.39
6	0.00549573	83.39
7	0.00629734	81.37
8	0.00710241	81.29
9	0.00790268	84.33
10	0.00870396	82.36
11	0.00950842	87.64
12	0.01030985	84.10
13	0.01111024	88.50
14	0.01191096	87.62
15	0.01271271	84.25
16	0.01351768	88.41
17	0.01431947	86.36
18	0.01512118	89.79
19	0.01592666	90.87
20	0.01672992	91.01
21	0.01753578	91.84
22	0.01833951	92.59
23	0.01914275	93.64
24	0.01994991	94.10